<?xml version="1.0" encoding="UTF-8"?>
<beans:beans xmlns="http://www.springframework.org/schema/mvc"
	xmlns:xsi="http://www.w3.org/2001/XMLSchema-instance"
	xmlns:beans="http://www.springframework.org/schema/beans"
	xmlns:context="http://www.springframework.org/schema/context"
	xmlns:tx="http://www.springframework.org/schema/tx"
	xsi:schemaLocation="http://www.springframework.org/schema/mvc http://www.springframework.org/schema/mvc/spring-mvc.xsd
		http://www.springframework.org/schema/beans http://www.springframework.org/schema/beans/spring-beans.xsd
		http://www.springframework.org/schema/context http://www.springframework.org/schema/context/spring-context.xsd
		http://www.springframework.org/schema/tx http://www.springframework.org/schema/tx/spring-tx-4.2.xsd">


	<context:component-scan base-package="com.onurciner.*" />
	<context:annotation-config/>
	<annotation-driven />
	
	<resources mapping="/**" location="/resources/" />

	<context:property-placeholder location="classpath:application.properties" />


	<!-- Resolves views selected for rendering by @Controllers to .jsp resources in the /WEB-INF/views directory -->
	<beans:bean class="org.springframework.web.servlet.view.InternalResourceViewResolver">
		<beans:property name="prefix" value="/WEB-INF/views/" />
		<beans:property name="suffix" value=".jsp" />
	</beans:bean>
	
	
	<beans:bean id="dataSource" class="com.mchange.v2.c3p0.ComboPooledDataSource">
		<beans:property name="driverClass" value="${database.driverClass}" />
		<beans:property name="jdbcUrl" value="${database.jdbcUrl}" />
		<beans:property name="user" value="${database.username}" />
		<beans:property name="password" value="${database.password}" />
	</beans:bean>
	 
	<beans:bean id="sessionFactory" class="org.springframework.orm.hibernate5.LocalSessionFactoryBean">
		<beans:property name="dataSource" ref="dataSource"/>
		<beans:property name="hibernateProperties">
			<beans:props>
				<beans:prop key="hibernate.dialect">${hibernate.dialect}</beans:prop>
				<beans:prop key="hibernate.hbm2ddl.auto">${hibernate.hbm2ddl.auto}</beans:prop>
				<beans:prop key="hibernate.show_sql">${hibernate.show_sql}</beans:prop>
				<beans:prop key="hibernate.format_sql">${hibernate.format_sql}</beans:prop>
			</beans:props>
		</beans:property>
		<beans:property name="packagesToScan" value="com.onurciner.entity" />
	</beans:bean>
	
	<beans:bean id="hibernateTransactionManager" class="org.springframework.orm.hibernate5.HibernateTransactionManager">
		<beans:property name="sessionFactory" ref="sessionFactory"/>	
	</beans:bean>
	<tx:annotation-driven transaction-manager="hibernateTransactionManager" />
	
	
	<beans:bean id="mailSender" class="org.springframework.mail.javamail.JavaMailSenderImpl">
		<beans:property name="host" value="smtp.gmail.com" />
		<beans:property name="protocol" value="smtp" />
		<beans:property name="port" value="587" />
		<beans:property name="username" value="egitimeespring" />
		<beans:property name="password" value="Java123." />
		<beans:property name="javaMailProperties">
			<beans:props>
				<beans:prop key="mail.smtp.auth">true</beans:prop>
				<beans:prop key="mail.smtp.starttls.enable">true</beans:prop>
				<beans:prop key="mail.smtp.debug">true</beans:prop>
				<beans:prop key="mail.smtp.ssl.trust">smtp.gmail.com</beans:prop>
			</beans:props>
		</beans:property>
	</beans:bean>
	
	
</beans:beans>
